-- Users
INSERT INTO users (login_id, password, nick_name, profile_image_url)
VALUES
    ('user1@example.com', 'hashed-password-1', '유저1', 'https://issue-tracker-image-bucket.s3.ap-northeast-2.amazonaws.com/%ED%96%84%EC%8A%A4%ED%84%B0.jpeg'),
    ('user2@example.com', 'hashed-password-2', '유저2', 'https://issue-tracker-image-bucket.s3.ap-northeast-2.amazonaws.com/%ED%83%80%EB%A7%88%EB%A7%88.jpeg'),
    ('user3@example.com', 'hashed-password-3', '유저3', 'https://issue-tracker-image-bucket.s3.ap-northeast-2.amazonaws.com/10366191_637561456348164_285051885961486012_n.png'),
    ('user4@example.com', 'hashed-password-4', '유저4', 'https://issue-tracker-image-bucket.s3.ap-northeast-2.amazonaws.com/%ED%83%80%EB%A7%88%EB%A7%88.jpeg'),
    ('user5@example.com', 'hashed-password-5', '유저5', 'https://issue-tracker-image-bucket.s3.ap-northeast-2.amazonaws.com/10366191_637561456348164_285051885961486012_n.png'),
    ('user6@example.com', 'hashed-password-6', '유저6', 'https://issue-tracker-image-bucket.s3.ap-northeast-2.amazonaws.com/31290690a90801d14f8ad9e30a5ae46f8f324a0b9c48f77dbce3a43bd11ce785.png'),
    ('user7@example.com', 'hashed-password-7', '유저7', 'https://issue-tracker-image-bucket.s3.ap-northeast-2.amazonaws.com/31290690a90801d14f8ad9e30a5ae46f8f324a0b9c48f77dbce3a43bd11ce785.png'),
    ('user8@example.com', 'hashed-password-8', '유저8', 'https://issue-tracker-image-bucket.s3.ap-northeast-2.amazonaws.com/CK0xSKNFbbPYLEf2bZ4Ov1O84DRUoVeuI83ouBkAzC8mb-mdP3A4fw9k7LhvwT55qRZ1bBhHQK-1GlJeNFL3KoezCgtiNbHpAUp3h0jA-ArSbo5UDGkUys6YdyYkWaBfuce3dhMc90NbQG664kmHdg.webp'),
    ('user9@example.com', 'hashed-password-9', '유저9', 'https://issue-tracker-image-bucket.s3.ap-northeast-2.amazonaws.com/%ED%83%80%EB%A7%88%EB%A7%88.jpeg'),
    ('user10@example.com', 'hashed-password-10', '유저10', 'https://issue-tracker-image-bucket.s3.ap-northeast-2.amazonaws.com/10366191_637561456348164_285051885961486012_n.png');

-- Milestones
INSERT INTO milestones (name, description, end_date, is_open, last_modified_at, processing_rate)
VALUES
    ('v1.0', '버전 1 릴리즈', '2025-07-02 00:00:00', 1, NOW(), 0),
    ('v2.0', '버전 2 릴리즈', '2025-08-01 00:00:00', 1, NOW(), 0),
    ('v3.0', '버전 3 릴리즈', '2025-08-31 00:00:00', 1, NOW(), 0),
    ('v4.0', '버전 4 릴리즈', '2025-09-30 00:00:00', 1, NOW(), 0),
    ('v5.0', '버전 5 릴리즈', '2025-10-30 00:00:00', 1, NOW(), 0);

-- Labels
INSERT INTO labels (name, description, color, created_at)
VALUES
    ('bug', 'bug 관련 이슈입니다.', '#FF0000', NOW()),
    ('feature', 'feature 관련 이슈입니다.', '#00FF00', NOW()),
    ('refactor', 'refactor 관련 이슈입니다.', '#0000FF', NOW()),
    ('performance', 'performance 관련 이슈입니다.', '#FF9900', NOW()),
    ('security', 'security 관련 이슈입니다.', '#33CCCC', NOW());

-- Issues
INSERT INTO issues (title, content, author_id, milestone_id, is_open, last_modified_at, image_url)
VALUES
    ('이슈 제목 1', '이슈 내용 1', 9, 5, 1, NOW(), NULL),
    ('이슈 제목 2', '이슈 내용 2', 10, 1, 1, NOW(), NULL),
    ('이슈 제목 3', '이슈 내용 3', 10, 3, 1, NOW(), NULL),
    ('이슈 제목 4', '이슈 내용 4', 10, 5, 1, NOW(), NULL),
    ('이슈 제목 5', '이슈 내용 5', 2, 4, 1, NOW(), NULL),
    ('이슈 제목 6', '이슈 내용 6', 5, 4, 1, NOW(), NULL),
    ('이슈 제목 7', '이슈 내용 7', 6, 1, 1, NOW(), NULL),
    ('이슈 제목 8', '이슈 내용 8', 7, 2, 1, NOW(), NULL),
    ('이슈 제목 9', '이슈 내용 9', 6, 5, 1, NOW(), NULL),
    ('이슈 제목 10', '이슈 내용 10', 9, 1, 1, NOW(), NULL),
    ('이슈 제목 11', '이슈 내용 11', 7, 4, 1, NOW(), NULL),
    ('이슈 제목 12', '이슈 내용 12', 9, 5, 1, NOW(), NULL),
    ('이슈 제목 13', '이슈 내용 13', 9, 2, 1, NOW(), NULL),
    ('이슈 제목 14', '이슈 내용 14', 8, 2, 1, NOW(), NULL),
    ('이슈 제목 15', '이슈 내용 15', 5, 3, 1, NOW(), NULL),
    ('이슈 제목 16', '이슈 내용 16', 8, 5, 1, NOW(), NULL),
    ('이슈 제목 17', '이슈 내용 17', 8, 4, 1, NOW(), NULL),
    ('이슈 제목 18', '이슈 내용 18', 10, 3, 1, NOW(), NULL),
    ('이슈 제목 19', '이슈 내용 19', 2, 5, 1, NOW(), NULL),
    ('이슈 제목 20', '이슈 내용 20', 3, 1, 1, NOW(), NULL),
    ('이슈 제목 21', '이슈 내용 21', 7, 2, 1, NOW(), NULL),
    ('이슈 제목 22', '이슈 내용 22', 6, 3, 1, NOW(), NULL),
    ('이슈 제목 23', '이슈 내용 23', 4, 2, 1, NOW(), NULL),
    ('이슈 제목 24', '이슈 내용 24', 2, 2, 1, NOW(), NULL),
    ('이슈 제목 25', '이슈 내용 25', 9, 2, 1, NOW(), NULL),
    ('이슈 제목 26', '이슈 내용 26', 1, 1, 1, NOW(), NULL),
    ('이슈 제목 27', '이슈 내용 27', 7, 4, 1, NOW(), NULL),
    ('이슈 제목 28', '이슈 내용 28', 2, 5, 1, NOW(), NULL),
    ('이슈 제목 29', '이슈 내용 29', 10, 4, 1, NOW(), NULL),
    ('이슈 제목 30', '이슈 내용 30', 4, 3, 1, NOW(), NULL),
    ('이슈 제목 31', '이슈 내용 31', 8, 5, 1, NOW(), NULL),
    ('이슈 제목 32', '이슈 내용 32', 7, 1, 1, NOW(), NULL),
    ('이슈 제목 33', '이슈 내용 33', 9, 1, 1, NOW(), NULL),
    ('이슈 제목 34', '이슈 내용 34', 1, 4, 1, NOW(), NULL),
    ('이슈 제목 35', '이슈 내용 35', 3, 3, 1, NOW(), NULL),
    ('이슈 제목 36', '이슈 내용 36', 6, 2, 1, NOW(), NULL),
    ('이슈 제목 37', '이슈 내용 37', 2, 5, 1, NOW(), NULL),
    ('이슈 제목 38', '이슈 내용 38', 4, 3, 1, NOW(), NULL),
    ('이슈 제목 39', '이슈 내용 39', 2, 3, 1, NOW(), NULL),
    ('이슈 제목 40', '이슈 내용 40', 3, 2, 1, NOW(), NULL),
    ('이슈 제목 41', '이슈 내용 41', 2, 3, 1, NOW(), NULL),
    ('이슈 제목 42', '이슈 내용 42', 8, 3, 1, NOW(), NULL),
    ('이슈 제목 43', '이슈 내용 43', 8, 2, 1, NOW(), NULL),
    ('이슈 제목 44', '이슈 내용 44', 7, 2, 1, NOW(), NULL),
    ('이슈 제목 45', '이슈 내용 45', 1, 4, 1, NOW(), NULL),
    ('이슈 제목 46', '이슈 내용 46', 1, 3, 1, NOW(), NULL),
    ('이슈 제목 47', '이슈 내용 47', 8, 1, 1, NOW(), NULL),
    ('이슈 제목 48', '이슈 내용 48', 9, 3, 1, NOW(), NULL),
    ('이슈 제목 49', '이슈 내용 49', 10, 4, 1, NOW(), NULL),
    ('이슈 제목 50', '이슈 내용 50', 7, 3, 1, NOW(), NULL),
    ('이슈 제목 51', '이슈 내용 51', 8, 4, 1, NOW(), NULL),
    ('이슈 제목 52', '이슈 내용 52', 10, 1, 1, NOW(), NULL),
    ('이슈 제목 53', '이슈 내용 53', 10, 4, 1, NOW(), NULL),
    ('이슈 제목 54', '이슈 내용 54', 7, 2, 1, NOW(), NULL),
    ('이슈 제목 55', '이슈 내용 55', 6, 4, 1, NOW(), NULL),
    ('이슈 제목 56', '이슈 내용 56', 9, 2, 1, NOW(), NULL),
    ('이슈 제목 57', '이슈 내용 57', 6, 3, 1, NOW(), NULL),
    ('이슈 제목 58', '이슈 내용 58', 3, 4, 1, NOW(), NULL),
    ('이슈 제목 59', '이슈 내용 59', 7, 1, 1, NOW(), NULL),
    ('이슈 제목 60', '이슈 내용 60', 10, 4, 1, NOW(), NULL),
    ('이슈 제목 61', '이슈 내용 61', 6, 3, 1, NOW(), NULL),
    ('이슈 제목 62', '이슈 내용 62', 10, 1, 1, NOW(), NULL),
    ('이슈 제목 63', '이슈 내용 63', 9, 4, 1, NOW(), NULL),
    ('이슈 제목 64', '이슈 내용 64', 7, 4, 1, NOW(), NULL),
    ('이슈 제목 65', '이슈 내용 65', 1, 3, 1, NOW(), NULL),
    ('이슈 제목 66', '이슈 내용 66', 7, 4, 1, NOW(), NULL),
    ('이슈 제목 67', '이슈 내용 67', 9, 3, 1, NOW(), NULL),
    ('이슈 제목 68', '이슈 내용 68', 2, 4, 1, NOW(), NULL),
    ('이슈 제목 69', '이슈 내용 69', 9, 2, 1, NOW(), NULL),
    ('이슈 제목 70', '이슈 내용 70', 8, 2, 1, NOW(), NULL),
    ('이슈 제목 71', '이슈 내용 71', 2, 5, 1, NOW(), NULL),
    ('이슈 제목 72', '이슈 내용 72', 1, 5, 1, NOW(), NULL),
    ('이슈 제목 73', '이슈 내용 73', 9, 3, 1, NOW(), NULL),
    ('이슈 제목 74', '이슈 내용 74', 2, 1, 1, NOW(), NULL),
    ('이슈 제목 75', '이슈 내용 75', 8, 5, 1, NOW(), NULL),
    ('이슈 제목 76', '이슈 내용 76', 3, 4, 1, NOW(), NULL),
    ('이슈 제목 77', '이슈 내용 77', 1, 1, 1, NOW(), NULL),
    ('이슈 제목 78', '이슈 내용 78', 5, 5, 1, NOW(), NULL),
    ('이슈 제목 79', '이슈 내용 79', 5, 2, 1, NOW(), NULL),
    ('이슈 제목 80', '이슈 내용 80', 3, 2, 1, NOW(), NULL),
    ('이슈 제목 81', '이슈 내용 81', 5, 3, 1, NOW(), NULL),
    ('이슈 제목 82', '이슈 내용 82', 8, 3, 1, NOW(), NULL),
    ('이슈 제목 83', '이슈 내용 83', 1, 4, 1, NOW(), NULL),
    ('이슈 제목 84', '이슈 내용 84', 5, 2, 1, NOW(), NULL),
    ('이슈 제목 85', '이슈 내용 85', 8, 4, 1, NOW(), NULL),
    ('이슈 제목 86', '이슈 내용 86', 2, 1, 1, NOW(), NULL),
    ('이슈 제목 87', '이슈 내용 87', 5, 3, 1, NOW(), NULL),
    ('이슈 제목 88', '이슈 내용 88', 9, 4, 1, NOW(), NULL),
    ('이슈 제목 89', '이슈 내용 89', 5, 1, 1, NOW(), NULL),
    ('이슈 제목 90', '이슈 내용 90', 7, 1, 1, NOW(), NULL),
    ('이슈 제목 91', '이슈 내용 91', 7, 3, 1, NOW(), NULL),
    ('이슈 제목 92', '이슈 내용 92', 6, 1, 1, NOW(), NULL),
    ('이슈 제목 93', '이슈 내용 93', 5, 1, 1, NOW(), NULL),
    ('이슈 제목 94', '이슈 내용 94', 4, 1, 1, NOW(), NULL),
    ('이슈 제목 95', '이슈 내용 95', 9, 1, 1, NOW(), NULL),
    ('이슈 제목 96', '이슈 내용 96', 1, 2, 1, NOW(), NULL),
    ('이슈 제목 97', '이슈 내용 97', 3, 1, 1, NOW(), NULL),
    ('이슈 제목 98', '이슈 내용 98', 9, 2, 1, NOW(), NULL),
    ('이슈 제목 99', '이슈 내용 99', 2, 2, 1, NOW(), NULL),
    ('이슈 제목 100', '이슈 내용 100', 8, 3, 1, NOW(), NULL);

-- Issue_Label
INSERT INTO issue_label (issue_id, label_id, last_modified_at)
VALUES
    (1, 1, NOW()),
    (2, 3, NOW()),
    (3, 5, NOW()),
    (4, 4, NOW()),
    (5, 3, NOW()),
    (6, 4, NOW()),
    (7, 4, NOW()),
    (8, 2, NOW()),
    (9, 1, NOW()),
    (10, 3, NOW()),
    (11, 2, NOW()),
    (12, 4, NOW()),
    (13, 2, NOW()),
    (14, 1, NOW()),
    (15, 4, NOW()),
    (16, 2, NOW()),
    (17, 4, NOW()),
    (18, 2, NOW()),
    (19, 4, NOW()),
    (20, 3, NOW()),
    (21, 1, NOW()),
    (22, 1, NOW()),
    (23, 4, NOW()),
    (24, 2, NOW()),
    (25, 4, NOW()),
    (26, 5, NOW()),
    (27, 4, NOW()),
    (28, 4, NOW()),
    (29, 1, NOW()),
    (30, 3, NOW()),
    (31, 2, NOW()),
    (32, 3, NOW()),
    (33, 3, NOW()),
    (34, 5, NOW()),
    (35, 2, NOW()),
    (36, 2, NOW()),
    (37, 2, NOW()),
    (38, 1, NOW()),
    (39, 2, NOW()),
    (40, 2, NOW()),
    (41, 3, NOW()),
    (42, 1, NOW()),
    (43, 5, NOW()),
    (44, 1, NOW()),
    (45, 5, NOW()),
    (46, 4, NOW()),
    (47, 5, NOW()),
    (48, 5, NOW()),
    (49, 3, NOW()),
    (50, 3, NOW()),
    (51, 2, NOW()),
    (52, 3, NOW()),
    (53, 1, NOW()),
    (54, 2, NOW()),
    (55, 2, NOW()),
    (56, 4, NOW()),
    (57, 2, NOW()),
    (58, 2, NOW()),
    (59, 5, NOW()),
    (60, 3, NOW()),
    (61, 1, NOW()),
    (62, 4, NOW()),
    (63, 2, NOW()),
    (64, 5, NOW()),
    (65, 1, NOW()),
    (66, 3, NOW()),
    (67, 1, NOW()),
    (68, 2, NOW()),
    (69, 2, NOW()),
    (70, 1, NOW()),
    (71, 3, NOW()),
    (72, 5, NOW()),
    (73, 1, NOW()),
    (74, 1, NOW()),
    (75, 3, NOW()),
    (76, 5, NOW()),
    (77, 4, NOW()),
    (78, 4, NOW()),
    (79, 4, NOW()),
    (80, 4, NOW()),
    (81, 2, NOW()),
    (82, 3, NOW()),
    (83, 5, NOW()),
    (84, 4, NOW()),
    (85, 1, NOW()),
    (86, 2, NOW()),
    (87, 4, NOW()),
    (88, 1, NOW()),
    (89, 4, NOW()),
    (90, 5, NOW()),
    (91, 2, NOW()),
    (92, 5, NOW()),
    (93, 1, NOW()),
    (94, 4, NOW()),
    (95, 5, NOW()),
    (96, 4, NOW()),
    (97, 3, NOW()),
    (98, 5, NOW()),
    (99, 1, NOW()),
    (100, 4, NOW());

-- Issue_Assignee
INSERT INTO issue_assignee (issue_id, assignee_id, last_modified_at)
VALUES
    (1, 7, NOW()),
    (2, 9, NOW()),
    (3, 8, NOW()),
    (4, 8, NOW()),
    (5, 4, NOW()),
    (6, 10, NOW()),
    (7, 9, NOW()),
    (8, 6, NOW()),
    (9, 9, NOW()),
    (10, 10, NOW()),
    (11, 4, NOW()),
    (12, 8, NOW()),
    (13, 5, NOW()),
    (14, 7, NOW()),
    (15, 1, NOW()),
    (16, 3, NOW()),
    (17, 10, NOW()),
    (18, 7, NOW()),
    (19, 9, NOW()),
    (20, 3, NOW()),
    (21, 3, NOW()),
    (22, 4, NOW()),
    (23, 7, NOW()),
    (24, 8, NOW()),
    (25, 7, NOW()),
    (26, 8, NOW()),
    (27, 6, NOW()),
    (28, 3, NOW()),
    (29, 4, NOW()),
    (30, 1, NOW()),
    (31, 10, NOW()),
    (32, 9, NOW()),
    (33, 2, NOW()),
    (34, 6, NOW()),
    (35, 4, NOW()),
    (36, 3, NOW()),
    (37, 9, NOW()),
    (38, 4, NOW()),
    (39, 2, NOW()),
    (40, 2, NOW()),
    (41, 4, NOW()),
    (42, 1, NOW()),
    (43, 2, NOW()),
    (44, 8, NOW()),
    (45, 8, NOW()),
    (46, 8, NOW()),
    (47, 6, NOW()),
    (48, 2, NOW()),
    (49, 9, NOW()),
    (50, 5, NOW()),
    (51, 7, NOW()),
    (52, 1, NOW()),
    (53, 8, NOW()),
    (54, 5, NOW()),
    (55, 5, NOW()),
    (56, 9, NOW()),
    (57, 2, NOW()),
    (58, 9, NOW()),
    (59, 2, NOW()),
    (60, 7, NOW()),
    (61, 2, NOW()),
    (62, 6, NOW()),
    (63, 8, NOW()),
    (64, 9, NOW()),
    (65, 10, NOW()),
    (66, 2, NOW()),
    (67, 3, NOW()),
    (68, 2, NOW()),
    (69, 3, NOW()),
    (70, 3, NOW()),
    (71, 8, NOW()),
    (72, 7, NOW()),
    (73, 8, NOW()),
    (74, 5, NOW()),
    (75, 1, NOW()),
    (76, 6, NOW()),
    (77, 2, NOW()),
    (78, 4, NOW()),
    (79, 5, NOW()),
    (80, 2, NOW()),
    (81, 1, NOW()),
    (82, 2, NOW()),
    (83, 7, NOW()),
    (84, 9, NOW()),
    (85, 6, NOW()),
    (86, 2, NOW()),
    (87, 9, NOW()),
    (88, 3, NOW()),
    (89, 7, NOW()),
    (90, 7, NOW()),
    (91, 9, NOW()),
    (92, 8, NOW()),
    (93, 10, NOW()),
    (94, 4, NOW()),
    (95, 7, NOW()),
    (96, 1, NOW()),
    (97, 7, NOW()),
    (98, 10, NOW()),
    (99, 3, NOW()),
    (100, 7, NOW());

-- Comments
INSERT INTO comments (issue_id, content, author_id, last_modified_at, image_url)
VALUES
    (1, '댓글 내용 1', 1, NOW(), NULL),
    (2, '댓글 내용 2', 4, NOW(), NULL),
    (2, '댓글 내용 3', 5, NOW(), NULL),
    (4, '댓글 내용 4', 4, NOW(), NULL),
    (5, '댓글 내용 5', 8, NOW(), NULL),
    (5, '댓글 내용 6', 7, NOW(), NULL),
    (6, '댓글 내용 7', 10, NOW(), NULL),
    (8, '댓글 내용 8', 9, NOW(), NULL),
    (9, '댓글 내용 9', 7, NOW(), NULL),
    (9, '댓글 내용 10', 7, NOW(), NULL),
    (11, '댓글 내용 11', 2, NOW(), NULL),
    (11, '댓글 내용 12', 6, NOW(), NULL),
    (12, '댓글 내용 13', 1, NOW(), NULL),
    (13, '댓글 내용 14', 10, NOW(), NULL),
    (13, '댓글 내용 15', 5, NOW(), NULL),
    (14, '댓글 내용 16', 10, NOW(), NULL),
    (14, '댓글 내용 17', 1, NOW(), NULL),
    (15, '댓글 내용 18', 6, NOW(), NULL),
    (15, '댓글 내용 19', 1, NOW(), NULL),
    (16, '댓글 내용 20', 3, NOW(), NULL),
    (17, '댓글 내용 21', 8, NOW(), NULL),
    (17, '댓글 내용 22', 4, NOW(), NULL),
    (18, '댓글 내용 23', 5, NOW(), NULL),
    (19, '댓글 내용 24', 6, NOW(), NULL),
    (23, '댓글 내용 25', 5, NOW(), NULL),
    (23, '댓글 내용 26', 10, NOW(), NULL),
    (24, '댓글 내용 27', 4, NOW(), NULL),
    (24, '댓글 내용 28', 8, NOW(), NULL),
    (25, '댓글 내용 29', 8, NOW(), NULL),
    (25, '댓글 내용 30', 3, NOW(), NULL),
    (26, '댓글 내용 31', 7, NOW(), NULL),
    (27, '댓글 내용 32', 9, NOW(), NULL),
    (27, '댓글 내용 33', 6, NOW(), NULL),
    (28, '댓글 내용 34', 10, NOW(), NULL),
    (28, '댓글 내용 35', 4, NOW(), NULL),
    (30, '댓글 내용 36', 6, NOW(), NULL),
    (30, '댓글 내용 37', 9, NOW(), NULL),
    (31, '댓글 내용 38', 3, NOW(), NULL),
    (32, '댓글 내용 39', 10, NOW(), NULL),
    (34, '댓글 내용 40', 7, NOW(), NULL),
    (37, '댓글 내용 41', 1, NOW(), NULL),
    (37, '댓글 내용 42', 7, NOW(), NULL),
    (40, '댓글 내용 43', 5, NOW(), NULL),
    (41, '댓글 내용 44', 8, NOW(), NULL),
    (41, '댓글 내용 45', 5, NOW(), NULL),
    (42, '댓글 내용 46', 4, NOW(), NULL),
    (42, '댓글 내용 47', 1, NOW(), NULL),
    (43, '댓글 내용 48', 1, NOW(), NULL),
    (44, '댓글 내용 49', 5, NOW(), NULL),
    (47, '댓글 내용 50', 4, NOW(), NULL),
    (48, '댓글 내용 51', 8, NOW(), NULL),
    (48, '댓글 내용 52', 4, NOW(), NULL),
    (50, '댓글 내용 53', 5, NOW(), NULL),
    (51, '댓글 내용 54', 10, NOW(), NULL),
    (52, '댓글 내용 55', 2, NOW(), NULL),
    (53, '댓글 내용 56', 6, NOW(), NULL),
    (55, '댓글 내용 57', 4, NOW(), NULL),
    (56, '댓글 내용 58', 9, NOW(), NULL),
    (61, '댓글 내용 59', 3, NOW(), NULL),
    (61, '댓글 내용 60', 1, NOW(), NULL),
    (62, '댓글 내용 61', 6, NOW(), NULL),
    (64, '댓글 내용 62', 2, NOW(), NULL),
    (65, '댓글 내용 63', 2, NOW(), NULL),
    (66, '댓글 내용 64', 1, NOW(), NULL),
    (71, '댓글 내용 65', 3, NOW(), NULL),
    (71, '댓글 내용 66', 4, NOW(), NULL),
    (72, '댓글 내용 67', 6, NOW(), NULL),
    (73, '댓글 내용 68', 4, NOW(), NULL),
    (73, '댓글 내용 69', 6, NOW(), NULL),
    (75, '댓글 내용 70', 10, NOW(), NULL),
    (75, '댓글 내용 71', 6, NOW(), NULL),
    (77, '댓글 내용 72', 3, NOW(), NULL),
    (77, '댓글 내용 73', 10, NOW(), NULL),
    (79, '댓글 내용 74', 8, NOW(), NULL),
    (80, '댓글 내용 75', 7, NOW(), NULL),
    (80, '댓글 내용 76', 5, NOW(), NULL),
    (81, '댓글 내용 77', 9, NOW(), NULL),
    (81, '댓글 내용 78', 8, NOW(), NULL),
    (82, '댓글 내용 79', 5, NOW(), NULL),
    (82, '댓글 내용 80', 5, NOW(), NULL),
    (83, '댓글 내용 81', 7, NOW(), NULL),
    (83, '댓글 내용 82', 10, NOW(), NULL),
    (84, '댓글 내용 83', 3, NOW(), NULL),
    (85, '댓글 내용 84', 3, NOW(), NULL),
    (85, '댓글 내용 85', 6, NOW(), NULL),
    (86, '댓글 내용 86', 6, NOW(), NULL),
    (86, '댓글 내용 87', 5, NOW(), NULL),
    (87, '댓글 내용 88', 9, NOW(), NULL),
    (87, '댓글 내용 89', 2, NOW(), NULL),
    (89, '댓글 내용 90', 1, NOW(), NULL),
    (89, '댓글 내용 91', 10, NOW(), NULL),
    (91, '댓글 내용 92', 4, NOW(), NULL),
    (93, '댓글 내용 93', 9, NOW(), NULL),
    (93, '댓글 내용 94', 4, NOW(), NULL),
    (94, '댓글 내용 95', 7, NOW(), NULL),
    (94, '댓글 내용 96', 4, NOW(), NULL),
    (95, '댓글 내용 97', 10, NOW(), NULL),
    (97, '댓글 내용 98', 6, NOW(), NULL),
    (97, '댓글 내용 99', 10, NOW(), NULL),
    (98, '댓글 내용 100', 3, NOW(), NULL),
    (99, '댓글 내용 101', 6, NOW(), NULL),
    (100, '댓글 내용 102', 4, NOW(), NULL);
