-- ─────────────────────────────────────────────────────────────────────────────
-- 1) Users
-- ─────────────────────────────────────────────────────────────────────────────
INSERT INTO `user` (`github_id`, `login`, `password`, `nickname`, `profile_image_url`, `uuid`)
VALUES (1001, 'user1', 'pass1', 'Yoon', 'https://avatars.githubusercontent.com/u/47064130?v=4', 'uuid-user1'),
       (1002, 'user2', 'pass2', 'wanja', 'https://avatars.githubusercontent.com/u/77326740?v=4', 'uuid-user2'),
       (1003, 'user3', 'pass3', 'Elbin', 'https://avatars.githubusercontent.com/u/143177939?v=4', 'uuid-user3'),
       (1004, 'user4', 'pass4', 'Milo', 'https://avatars.githubusercontent.com/u/183694465?v=4', 'uuid-user4'),
       (1005, 'user5', 'pass5', 'bazzi', 'https://avatars.githubusercontent.com/u/85785932?v=4', 'uuid-user5'),
       (1006, 'user6', 'pass6', 'HOON', 'https://avatars.githubusercontent.com/u/119295425?v=4', 'uuid-user6'),
       (1007, 'user7', 'pass7', 'Kaydeen', 'https://avatars.githubusercontent.com/u/153696777?v=4', 'uuid-user7'),
       (1008, 'user8', 'pass8', 'mud', 'https://avatars.githubusercontent.com/u/143267143?v=4', 'uuid-user8'),
       (1009, 'user9', 'pass9', 'glad', 'https://avatars.githubusercontent.com/u/152838002?v=4', 'uuid-user9'),
       (1010, 'user10', 'pass10', 'JOHNNIE', 'https://avatars.githubusercontent.com/u/158487744?v=4', 'uuid-user10');

-- ─────────────────────────────────────────────────────────────────────────────
-- 2) Milestones
-- ─────────────────────────────────────────────────────────────────────────────
INSERT INTO `milestone` (`is_closed`, `title`, `description`, `expired_at`, `total_issues`, `closed_issues`)
VALUES (FALSE, 'v1.0', 'First release', '2025-06-01', 100, 50),
       (TRUE, 'v1.1', 'Hotfix', '2025-05-15', 20, 20),
       (FALSE, 'v2.0', 'Second release', '2025-12-01', 150, 30),
       (FALSE, 'planning', 'Planning phase', NULL, 5, 0),
       (TRUE, 'legacy', 'Legacy support', '2025-01-01', 10, 10);

-- ─────────────────────────────────────────────────────────────────────────────
-- 3) Labels
-- ─────────────────────────────────────────────────────────────────────────────
INSERT INTO `label` (`name`, `description`, `color`)
VALUES ('bug', 'Bug', '#d73a4a'),
       ('enhancement', 'Enhancement', '#a2eeef'),
       ('question', 'Question', '#d876e3'),
       ('documentation', 'Doc', '#0075ca'),
       ('design', 'Design', '#cfd3d7');

-- ─────────────────────────────────────────────────────────────────────────────
-- 4) Pre-calc Issue Status Counts (open/closed)
-- ─────────────────────────────────────────────────────────────────────────────
INSERT INTO `issue_status_count` (`status_key`, `issue_count`)
VALUES ('OPEN', 50),
       ('CLOSED', 50);

-- ─────────────────────────────────────────────────────────────────────────────
-- 5) Bulk-generate 100 Issues + Comments + Assignees + Issue-Label Relations
--    using a recursive CTE for numbers 1..100
-- ─────────────────────────────────────────────────────────────────────────────
-- ─────────────────────────────────────────────────────────────────────────────
-- 5.1) Issues (100개)
-- ─────────────────────────────────────────────────────────────────────────────
INSERT INTO `issue` (author_id, milestone_id, title, contents, is_closed)
VALUES (1, 1, 'Issue #1', 'This is the content for issue #1', FALSE),
       (2, 2, 'Issue #2', 'This is the content for issue #2', FALSE),
       (3, 3, 'Issue #3', 'This is the content for issue #3', FALSE),
       (4, 4, 'Issue #4', 'This is the content for issue #4', FALSE),
       (5, 5, 'Issue #5', 'This is the content for issue #5', FALSE),
       (6, NULL, 'Issue #6', 'This is the content for issue #6', FALSE),
       (7, 1, 'Issue #7', 'This is the content for issue #7', FALSE),
       (8, 2, 'Issue #8', 'This is the content for issue #8', FALSE),
       (9, 3, 'Issue #9', 'This is the content for issue #9', FALSE),
       (10, 4, 'Issue #10', 'This is the content for issue #10', FALSE),
       (1, 5, 'Issue #11', 'This is the content for issue #11', FALSE),
       (2, NULL, 'Issue #12', 'This is the content for issue #12', FALSE),
       (3, 1, 'Issue #13', 'This is the content for issue #13', FALSE),
       (4, 2, 'Issue #14', 'This is the content for issue #14', FALSE),
       (5, 3, 'Issue #15', 'This is the content for issue #15', FALSE),
       (6, 4, 'Issue #16', 'This is the content for issue #16', FALSE),
       (7, 5, 'Issue #17', 'This is the content for issue #17', FALSE),
       (8, NULL, 'Issue #18', 'This is the content for issue #18', FALSE),
       (9, 1, 'Issue #19', 'This is the content for issue #19', FALSE),
       (10, 2, 'Issue #20', 'This is the content for issue #20', FALSE),
       (1, 3, 'Issue #21', 'This is the content for issue #21', FALSE),
       (2, 4, 'Issue #22', 'This is the content for issue #22', FALSE),
       (3, 5, 'Issue #23', 'This is the content for issue #23', FALSE),
       (4, NULL, 'Issue #24', 'This is the content for issue #24', FALSE),
       (5, 1, 'Issue #25', 'This is the content for issue #25', FALSE),
       (6, 2, 'Issue #26', 'This is the content for issue #26', FALSE),
       (7, 3, 'Issue #27', 'This is the content for issue #27', FALSE),
       (8, 4, 'Issue #28', 'This is the content for issue #28', FALSE),
       (9, 5, 'Issue #29', 'This is the content for issue #29', FALSE),
       (10, NULL, 'Issue #30', 'This is the content for issue #30', FALSE),
       (1, 1, 'Issue #31', 'This is the content for issue #31', FALSE),
       (2, 2, 'Issue #32', 'This is the content for issue #32', FALSE),
       (3, 3, 'Issue #33', 'This is the content for issue #33', FALSE),
       (4, 4, 'Issue #34', 'This is the content for issue #34', FALSE),
       (5, 5, 'Issue #35', 'This is the content for issue #35', FALSE),
       (6, NULL, 'Issue #36', 'This is the content for issue #36', FALSE),
       (7, 1, 'Issue #37', 'This is the content for issue #37', FALSE),
       (8, 2, 'Issue #38', 'This is the content for issue #38', FALSE),
       (9, 3, 'Issue #39', 'This is the content for issue #39', FALSE),
       (10, 4, 'Issue #40', 'This is the content for issue #40', FALSE),
       (1, 5, 'Issue #41', 'This is the content for issue #41', FALSE),
       (2, NULL, 'Issue #42', 'This is the content for issue #42', FALSE),
       (3, 1, 'Issue #43', 'This is the content for issue #43', FALSE),
       (4, 2, 'Issue #44', 'This is the content for issue #44', FALSE),
       (5, 3, 'Issue #45', 'This is the content for issue #45', FALSE),
       (6, 4, 'Issue #46', 'This is the content for issue #46', FALSE),
       (7, 5, 'Issue #47', 'This is the content for issue #47', FALSE),
       (8, NULL, 'Issue #48', 'This is the content for issue #48', FALSE),
       (9, 1, 'Issue #49', 'This is the content for issue #49', FALSE),
       (10, 2, 'Issue #50', 'This is the content for issue #50', FALSE),
       (1, 3, 'Issue #51', 'This is the content for issue #51', TRUE),
       (2, 4, 'Issue #52', 'This is the content for issue #52', TRUE),
       (3, 5, 'Issue #53', 'This is the content for issue #53', TRUE),
       (4, NULL, 'Issue #54', 'This is the content for issue #54', TRUE),
       (5, 1, 'Issue #55', 'This is the content for issue #55', TRUE),
       (6, 2, 'Issue #56', 'This is the content for issue #56', TRUE),
       (7, 3, 'Issue #57', 'This is the content for issue #57', TRUE),
       (8, 4, 'Issue #58', 'This is the content for issue #58', TRUE),
       (9, 5, 'Issue #59', 'This is the content for issue #59', TRUE),
       (10, NULL, 'Issue #60', 'This is the content for issue #60', TRUE),
       (1, 1, 'Issue #61', 'This is the content for issue #61', TRUE),
       (2, 2, 'Issue #62', 'This is the content for issue #62', TRUE),
       (3, 3, 'Issue #63', 'This is the content for issue #63', TRUE),
       (4, 4, 'Issue #64', 'This is the content for issue #64', TRUE),
       (5, 5, 'Issue #65', 'This is the content for issue #65', TRUE),
       (6, NULL, 'Issue #66', 'This is the content for issue #66', TRUE),
       (7, 1, 'Issue #67', 'This is the content for issue #67', TRUE),
       (8, 2, 'Issue #68', 'This is the content for issue #68', TRUE),
       (9, 3, 'Issue #69', 'This is the content for issue #69', TRUE),
       (10, 4, 'Issue #70', 'This is the content for issue #70', TRUE),
       (1, 5, 'Issue #71', 'This is the content for issue #71', TRUE),
       (2, NULL, 'Issue #72', 'This is the content for issue #72', TRUE),
       (3, 1, 'Issue #73', 'This is the content for issue #73', TRUE),
       (4, 2, 'Issue #74', 'This is the content for issue #74', TRUE),
       (5, 3, 'Issue #75', 'This is the content for issue #75', TRUE),
       (6, 4, 'Issue #76', 'This is the content for issue #76', TRUE),
       (7, 5, 'Issue #77', 'This is the content for issue #77', TRUE),
       (8, NULL, 'Issue #78', 'This is the content for issue #78', TRUE),
       (9, 1, 'Issue #79', 'This is the content for issue #79', TRUE),
       (10, 2, 'Issue #80', 'This is the content for issue #80', TRUE),
       (1, 3, 'Issue #81', 'This is the content for issue #81', TRUE),
       (2, 4, 'Issue #82', 'This is the content for issue #82', TRUE),
       (3, 5, 'Issue #83', 'This is the content for issue #83', TRUE),
       (4, NULL, 'Issue #84', 'This is the content for issue #84', TRUE),
       (5, 1, 'Issue #85', 'This is the content for issue #85', TRUE),
       (6, 2, 'Issue #86', 'This is the content for issue #86', TRUE),
       (7, 3, 'Issue #87', 'This is the content for issue #87', TRUE),
       (8, 4, 'Issue #88', 'This is the content for issue #88', TRUE),
       (9, 5, 'Issue #89', 'This is the content for issue #89', TRUE),
       (10, NULL, 'Issue #90', 'This is the content for issue #90', TRUE),
       (1, 1, 'Issue #91', 'This is the content for issue #91', TRUE),
       (2, 2, 'Issue #92', 'This is the content for issue #92', TRUE),
       (3, 3, 'Issue #93', 'This is the content for issue #93', TRUE),
       (4, 4, 'Issue #94', 'This is the content for issue #94', TRUE),
       (5, 5, 'Issue #95', 'This is the content for issue #95', TRUE),
       (6, NULL, 'Issue #96', 'This is the content for issue #96', TRUE),
       (7, 1, 'Issue #97', 'This is the content for issue #97', TRUE),
       (8, 2, 'Issue #98', 'This is the content for issue #98', TRUE),
       (9, 3, 'Issue #99', 'This is the content for issue #99', TRUE),
       (10, 4, 'Issue #100', 'This is the content for issue #100', TRUE);

-- ─────────────────────────────────────────────────────────────────────────────
-- 5.2) Comments (100개)
-- ─────────────────────────────────────────────────────────────────────────────
INSERT INTO `comment` (issue_id, user_id, contents)
VALUES (1, 1, 'Comment for issue #1'),
       (2, 2, 'Comment for issue #2'),
       (3, 3, 'Comment for issue #3'),
       (4, 4, 'Comment for issue #4'),
       (5, 5, 'Comment for issue #5'),
       (6, 6, 'Comment for issue #6'),
       (7, 7, 'Comment for issue #7'),
       (8, 8, 'Comment for issue #8'),
       (9, 9, 'Comment for issue #9'),
       (10, 10, 'Comment for issue #10'),
       (11, 1, 'Comment for issue #11'),
       (12, 2, 'Comment for issue #12'),
       (13, 3, 'Comment for issue #13'),
       (14, 4, 'Comment for issue #14'),
       (15, 5, 'Comment for issue #15'),
       (16, 6, 'Comment for issue #16'),
       (17, 7, 'Comment for issue #17'),
       (18, 8, 'Comment for issue #18'),
       (19, 9, 'Comment for issue #19'),
       (20, 10, 'Comment for issue #20'),
       (21, 1, 'Comment for issue #21'),
       (22, 2, 'Comment for issue #22'),
       (23, 3, 'Comment for issue #23'),
       (24, 4, 'Comment for issue #24'),
       (25, 5, 'Comment for issue #25'),
       (26, 6, 'Comment for issue #26'),
       (27, 7, 'Comment for issue #27'),
       (28, 8, 'Comment for issue #28'),
       (29, 9, 'Comment for issue #29'),
       (30, 10, 'Comment for issue #30'),
       (31, 1, 'Comment for issue #31'),
       (32, 2, 'Comment for issue #32'),
       (33, 3, 'Comment for issue #33'),
       (34, 4, 'Comment for issue #34'),
       (35, 5, 'Comment for issue #35'),
       (36, 6, 'Comment for issue #36'),
       (37, 7, 'Comment for issue #37'),
       (38, 8, 'Comment for issue #38'),
       (39, 9, 'Comment for issue #39'),
       (40, 10, 'Comment for issue #40'),
       (41, 1, 'Comment for issue #41'),
       (42, 2, 'Comment for issue #42'),
       (43, 3, 'Comment for issue #43'),
       (44, 4, 'Comment for issue #44'),
       (45, 5, 'Comment for issue #45'),
       (46, 6, 'Comment for issue #46'),
       (47, 7, 'Comment for issue #47'),
       (48, 8, 'Comment for issue #48'),
       (49, 9, 'Comment for issue #49'),
       (50, 10, 'Comment for issue #50'),
       (51, 1, 'Comment for issue #51'),
       (52, 2, 'Comment for issue #52'),
       (53, 3, 'Comment for issue #53'),
       (54, 4, 'Comment for issue #54'),
       (55, 5, 'Comment for issue #55'),
       (56, 6, 'Comment for issue #56'),
       (57, 7, 'Comment for issue #57'),
       (58, 8, 'Comment for issue #58'),
       (59, 9, 'Comment for issue #59'),
       (60, 10, 'Comment for issue #60'),
       (61, 1, 'Comment for issue #61'),
       (62, 2, 'Comment for issue #62'),
       (63, 3, 'Comment for issue #63'),
       (64, 4, 'Comment for issue #64'),
       (65, 5, 'Comment for issue #65'),
       (66, 6, 'Comment for issue #66'),
       (67, 7, 'Comment for issue #67'),
       (68, 8, 'Comment for issue #68'),
       (69, 9, 'Comment for issue #69'),
       (70, 10, 'Comment for issue #70'),
       (71, 1, 'Comment for issue #71'),
       (72, 2, 'Comment for issue #72'),
       (73, 3, 'Comment for issue #73'),
       (74, 4, 'Comment for issue #74'),
       (75, 5, 'Comment for issue #75'),
       (76, 6, 'Comment for issue #76'),
       (77, 7, 'Comment for issue #77'),
       (78, 8, 'Comment for issue #78'),
       (79, 9, 'Comment for issue #79'),
       (80, 10, 'Comment for issue #80'),
       (81, 1, 'Comment for issue #81'),
       (82, 2, 'Comment for issue #82'),
       (83, 3, 'Comment for issue #83'),
       (84, 4, 'Comment for issue #84'),
       (85, 5, 'Comment for issue #85'),
       (86, 6, 'Comment for issue #86'),
       (87, 7, 'Comment for issue #87'),
       (88, 8, 'Comment for issue #88'),
       (89, 9, 'Comment for issue #89'),
       (90, 10, 'Comment for issue #90'),
       (91, 1, 'Comment for issue #91'),
       (92, 2, 'Comment for issue #92'),
       (93, 3, 'Comment for issue #93'),
       (94, 4, 'Comment for issue #94'),
       (95, 5, 'Comment for issue #95'),
       (96, 6, 'Comment for issue #96'),
       (97, 7, 'Comment for issue #97'),
       (98, 8, 'Comment for issue #98'),
       (99, 9, 'Comment for issue #99'),
       (100, 10, 'Comment for issue #100');

-- ─────────────────────────────────────────────────────────────────────────────
-- 5.3) Assignees (100개)
-- ─────────────────────────────────────────────────────────────────────────────
INSERT INTO `assignee` (user_id, issue_id)
VALUES (9, 1),
       (8, 1),
       (9, 2),
       (3, 2),
       (10, 3),
       (9, 3),
       (2, 4),
       (4, 4),
       (8, 5),
       (7, 5),
       (2, 6),
       (4, 6),
       (5, 7),
       (3, 7),
       (3, 8),
       (5, 8),
       (7, 9),
       (5, 9),
       (1, 10),
       (8, 10),
       (5, 11),
       (8, 11),
       (8, 12),
       (2, 12),
       (7, 13),
       (4, 13),
       (7, 14),
       (9, 14),
       (7, 15),
       (10, 15),
       (9, 16),
       (2, 16),
       (3, 17),
       (6, 17),
       (5, 18),
       (9, 18),
       (4, 19),
       (10, 19),
       (7, 20),
       (10, 20),
       (4, 21),
       (2, 21),
       (8, 22),
       (3, 22),
       (10, 23),
       (9, 23),
       (7, 24),
       (1, 24),
       (4, 25),
       (6, 25),
       (4, 26),
       (2, 26),
       (4, 27),
       (5, 27),
       (9, 28),
       (2, 28),
       (6, 29),
       (10, 29),
       (8, 30),
       (3, 30),
       (4, 31),
       (7, 31),
       (3, 32),
       (2, 32),
       (10, 33),
       (8, 33),
       (5, 34),
       (8, 34),
       (3, 35),
       (9, 35),
       (10, 36),
       (1, 36),
       (9, 37),
       (10, 37),
       (6, 38),
       (4, 38),
       (1, 39),
       (8, 39),
       (9, 40),
       (6, 40),
       (2, 41),
       (4, 41),
       (10, 42),
       (6, 42),
       (3, 43),
       (6, 43),
       (4, 44),
       (1, 44),
       (3, 45),
       (6, 45),
       (10, 46),
       (4, 46),
       (10, 47),
       (1, 47),
       (5, 48),
       (8, 48),
       (1, 49),
       (2, 49),
       (7, 50),
       (3, 50),
       (8, 51),
       (1, 51),
       (7, 52),
       (3, 52),
       (9, 53),
       (3, 53),
       (1, 54),
       (9, 54),
       (6, 55),
       (3, 55),
       (2, 56),
       (3, 56),
       (2, 57),
       (6, 57),
       (6, 58),
       (1, 58),
       (5, 59),
       (3, 59),
       (9, 60),
       (2, 60),
       (10, 61),
       (8, 61),
       (3, 62),
       (2, 62),
       (1, 63),
       (7, 63),
       (2, 64),
       (3, 64),
       (6, 65),
       (4, 65),
       (5, 66),
       (7, 66),
       (6, 67),
       (4, 67),
       (2, 68),
       (3, 68),
       (2, 69),
       (4, 69),
       (6, 70),
       (1, 70),
       (6, 71),
       (3, 71),
       (3, 72),
       (2, 72),
       (2, 73),
       (9, 73),
       (2, 74),
       (6, 74),
       (10, 75),
       (2, 75),
       (4, 76),
       (5, 76),
       (1, 77),
       (9, 77),
       (5, 78),
       (2, 78),
       (6, 79),
       (3, 79),
       (3, 80),
       (1, 80),
       (1, 81),
       (5, 81),
       (7, 82),
       (3, 82),
       (7, 83),
       (5, 83),
       (2, 84),
       (6, 84),
       (6, 85),
       (4, 85),
       (3, 86),
       (4, 86),
       (6, 87),
       (2, 87),
       (4, 88),
       (7, 88),
       (9, 89),
       (7, 89),
       (6, 90),
       (9, 90),
       (5, 91),
       (4, 91),
       (9, 92),
       (2, 92),
       (7, 93),
       (1, 93),
       (2, 94),
       (6, 94),
       (5, 95),
       (4, 95),
       (3, 96),
       (9, 96),
       (7, 97),
       (4, 97),
       (1, 98),
       (3, 98),
       (2, 99),
       (6, 99),
       (10, 100),
       (3, 100);

-- ─────────────────────────────────────────────────────────────────────────────
-- 5.4) Issue-Label relations (200개, 각 이슈당 2개)
-- ─────────────────────────────────────────────────────────────────────────────
INSERT INTO `issue_label` (issue_id, label_id)
VALUES (1, 4),
       (1, 5),
       (1, 1),
       (2, 4),
       (2, 2),
       (2, 5),
       (3, 3),
       (3, 1),
       (3, 5),
       (4, 2),
       (4, 1),
       (4, 4),
       (5, 4),
       (5, 2),
       (5, 5),
       (6, 1),
       (6, 2),
       (6, 3),
       (7, 2),
       (7, 1),
       (7, 5),
       (8, 2),
       (8, 3),
       (8, 1),
       (9, 3),
       (9, 2),
       (9, 1),
       (10, 4),
       (10, 2),
       (10, 1),
       (11, 3),
       (11, 4),
       (11, 2),
       (12, 1),
       (12, 4),
       (12, 5),
       (13, 5),
       (13, 3),
       (13, 4),
       (14, 2),
       (14, 4),
       (14, 3),
       (15, 1),
       (15, 5),
       (15, 3),
       (16, 4),
       (16, 3),
       (16, 1),
       (17, 2),
       (17, 5),
       (17, 1),
       (18, 1),
       (18, 2),
       (18, 3),
       (19, 1),
       (19, 5),
       (19, 4),
       (20, 4),
       (20, 5),
       (20, 3),
       (21, 4),
       (21, 3),
       (21, 1),
       (22, 1),
       (22, 4),
       (22, 2),
       (23, 4),
       (23, 3),
       (23, 2),
       (24, 3),
       (24, 4),
       (24, 1),
       (25, 5),
       (25, 2),
       (25, 1),
       (26, 2),
       (26, 1),
       (26, 4),
       (27, 2),
       (27, 1),
       (27, 5),
       (28, 4),
       (28, 5),
       (28, 3),
       (29, 1),
       (29, 4),
       (29, 3),
       (30, 5),
       (30, 2),
       (30, 1),
       (31, 1),
       (31, 4),
       (31, 3),
       (32, 3),
       (32, 1),
       (32, 2),
       (33, 3),
       (33, 5),
       (33, 2),
       (34, 5),
       (34, 1),
       (34, 3),
       (35, 1),
       (35, 4),
       (35, 5),
       (36, 3),
       (36, 2),
       (36, 4),
       (37, 1),
       (37, 5),
       (37, 2),
       (38, 2),
       (38, 5),
       (38, 4),
       (39, 4),
       (39, 5),
       (39, 3),
       (40, 1),
       (40, 5),
       (40, 4),
       (41, 3),
       (41, 1),
       (41, 4),
       (42, 1),
       (42, 5),
       (42, 3),
       (43, 3),
       (43, 1),
       (43, 2),
       (44, 4),
       (44, 1),
       (44, 2),
       (45, 2),
       (45, 4),
       (45, 3),
       (46, 3),
       (46, 5),
       (46, 2),
       (47, 2),
       (47, 3),
       (47, 4),
       (48, 2),
       (48, 5),
       (48, 1),
       (49, 5),
       (49, 3),
       (49, 2),
       (50, 5),
       (50, 1),
       (50, 2),
       (51, 3),
       (51, 1),
       (51, 5),
       (52, 4),
       (52, 2),
       (52, 5),
       (53, 5),
       (53, 1),
       (53, 2),
       (54, 4),
       (54, 5),
       (54, 1),
       (55, 5),
       (55, 2),
       (55, 3),
       (56, 1),
       (56, 5),
       (56, 4),
       (57, 2),
       (57, 4),
       (57, 3),
       (58, 1),
       (58, 4),
       (58, 2),
       (59, 3),
       (59, 4),
       (59, 5),
       (60, 5),
       (60, 2),
       (60, 4),
       (61, 5),
       (61, 2),
       (61, 4),
       (62, 4),
       (62, 5),
       (62, 2),
       (63, 2),
       (63, 1),
       (63, 4),
       (64, 2),
       (64, 1),
       (64, 5),
       (65, 3),
       (65, 1),
       (65, 5),
       (66, 2),
       (66, 1),
       (66, 3),
       (67, 3),
       (67, 5),
       (67, 4),
       (68, 1),
       (68, 4),
       (68, 5),
       (69, 1),
       (69, 5),
       (69, 3),
       (70, 3),
       (70, 1),
       (70, 5),
       (71, 2),
       (71, 4),
       (71, 3),
       (72, 4),
       (72, 5),
       (72, 3),
       (73, 2),
       (73, 4),
       (73, 5),
       (74, 2),
       (74, 4),
       (74, 1),
       (75, 4),
       (75, 3),
       (75, 1),
       (76, 4),
       (76, 2),
       (76, 1),
       (77, 4),
       (77, 2),
       (77, 5),
       (78, 2),
       (78, 4),
       (78, 1),
       (79, 3),
       (79, 2),
       (79, 4),
       (80, 2),
       (80, 4),
       (80, 3),
       (81, 4),
       (81, 1),
       (81, 3),
       (82, 4),
       (82, 2),
       (82, 1),
       (83, 2),
       (83, 3),
       (83, 4),
       (84, 1),
       (84, 3),
       (84, 2),
       (85, 4),
       (85, 2),
       (85, 1),
       (86, 3),
       (86, 2),
       (86, 5),
       (87, 4),
       (87, 1),
       (87, 3),
       (88, 2),
       (88, 5),
       (88, 3),
       (89, 2),
       (89, 3),
       (89, 5),
       (90, 3),
       (90, 2),
       (90, 4),
       (91, 4),
       (91, 5),
       (91, 1),
       (92, 2),
       (92, 4),
       (92, 3),
       (93, 5),
       (93, 4),
       (93, 1),
       (94, 3),
       (94, 2),
       (94, 4),
       (95, 2),
       (95, 4),
       (95, 3),
       (96, 4),
       (96, 1),
       (96, 3),
       (97, 1),
       (97, 4),
       (97, 3),
       (98, 1),
       (98, 2),
       (98, 4),
       (99, 1),
       (99, 5),
       (99, 4),
       (100, 1),
       (100, 3),
       (100, 4);
