INSERT INTO milestone (id, deadline, name, description, is_open, created_at, updated_at)
VALUES (1, '2025-07-11', 'Milestone1', 'Description for milestone 1', True, '2025-05-23 07:50:56',
        '2025-05-23 07:50:56');
INSERT INTO milestone (id, deadline, name, description, is_open, created_at, updated_at)
VALUES (2, '2025-07-12', 'Milestone 2', 'Description for milestone 2', False, '2025-05-24 07:50:56',
        '2025-05-24 07:50:56');
INSERT INTO milestone (id, deadline, name, description, is_open, created_at, updated_at)
VALUES (3, '2025-07-13', 'Milestone 3', 'Description for milestone 3', True, '2025-05-25 07:50:56',
        '2025-05-25 07:50:56');
INSERT INTO milestone (id, deadline, name, description, is_open, created_at, updated_at)
VALUES (4, '2025-07-14', 'Milestone 4', 'Description for milestone 4', False, '2025-05-26 07:50:56',
        '2025-05-26 07:50:56');
INSERT INTO milestone (id, deadline, name, description, is_open, created_at, updated_at)
VALUES (5, '2025-07-15', 'Milestone 5', 'Description for milestone 5', True, '2025-05-27 07:50:56',
        '2025-05-27 07:50:56');
INSERT INTO user (id, username, email, image_url, password, created_at, updated_at)
VALUES (1, 'user1', 'user1@example.com', 'https://example.com/user1.png', 'pass1',
        '2025-05-23 07:50:56', '2025-05-23 07:50:56');
INSERT INTO user (id, username, email, image_url, password, created_at, updated_at)
VALUES (2, 'user2', 'user2@example.com', 'https://example.com/user2.png', 'pass2',
        '2025-05-24 07:50:56', '2025-05-24 07:50:56');
INSERT INTO user (id, username, email, image_url, password, created_at, updated_at)
VALUES (3, 'user3', 'user3@example.com', 'https://example.com/user3.png', 'pass3',
        '2025-05-25 07:50:56', '2025-05-25 07:50:56');
INSERT INTO user (id, username, email, image_url, password, created_at, updated_at)
VALUES (4, 'user4', 'user4@example.com', 'https://example.com/user4.png', 'pass4',
        '2025-05-26 07:50:56', '2025-05-26 07:50:56');
INSERT INTO user (id, username, email, image_url, password, created_at, updated_at)
VALUES (5, 'user5', 'user5@example.com', 'https://example.com/user5.png', 'pass5',
        '2025-05-27 07:50:56', '2025-05-27 07:50:56');
INSERT INTO user (id, username, email, image_url, password, created_at, updated_at)
VALUES (6, 'user6', 'user6@example.com', 'https://example.com/user6.png', 'pass6',
        '2025-05-28 07:50:56', '2025-05-28 07:50:56');
INSERT INTO user (id, username, email, image_url, password, created_at, updated_at)
VALUES (7, 'user7', 'user7@example.com', 'https://example.com/user7.png', 'pass7',
        '2025-05-29 07:50:56', '2025-05-29 07:50:56');
INSERT INTO user (id, username, email, image_url, password, created_at, updated_at)
VALUES (8, 'user8', 'user8@example.com', 'https://example.com/user8.png', 'pass8',
        '2025-05-30 07:50:56', '2025-05-30 07:50:56');
INSERT INTO user (id, username, email, image_url, password, created_at, updated_at)
VALUES (9, 'user9', 'user9@example.com', 'https://example.com/user9.png', 'pass9',
        '2025-05-31 07:50:56', '2025-05-31 07:50:56');
INSERT INTO user (id, username, email, image_url, password, created_at, updated_at)
VALUES (10, 'user10', 'user10@example.com', 'https://example.com/user10.png', 'pass10',
        '2025-06-01 07:50:56', '2025-06-01 07:50:56');
INSERT INTO user (id, username, email, image_url, password, created_at, updated_at)
VALUES (11, 'user11', 'user11@example.com', 'https://example.com/user11.png', 'pass11',
        '2025-06-02 07:50:56', '2025-06-02 07:50:56');
INSERT INTO user (id, username, email, image_url, password, created_at, updated_at)
VALUES (12, 'user12', 'user12@example.com', 'https://example.com/user12.png', 'pass12',
        '2025-06-03 07:50:56', '2025-06-03 07:50:56');
INSERT INTO user (id, username, email, image_url, password, created_at, updated_at)
VALUES (13, 'user13', 'user13@example.com', 'https://example.com/user13.png', 'pass13',
        '2025-06-04 07:50:56', '2025-06-04 07:50:56');
INSERT INTO user (id, username, email, image_url, password, created_at, updated_at)
VALUES (14, 'user14', 'user14@example.com', 'https://example.com/user14.png', 'pass14',
        '2025-06-05 07:50:56', '2025-06-05 07:50:56');
INSERT INTO user (id, username, email, image_url, password, created_at, updated_at)
VALUES (15, 'user15', 'user15@example.com', 'https://example.com/user15.png', 'pass15',
        '2025-06-06 07:50:56', '2025-06-06 07:50:56');
INSERT INTO user (id, username, email, image_url, password, created_at, updated_at)
VALUES (16, 'user16', 'user16@example.com', 'https://example.com/user16.png', 'pass16',
        '2025-06-07 07:50:56', '2025-06-07 07:50:56');
INSERT INTO user (id, username, email, image_url, password, created_at, updated_at)
VALUES (17, 'user17', 'user17@example.com', 'https://example.com/user17.png', 'pass17',
        '2025-06-08 07:50:56', '2025-06-08 07:50:56');
INSERT INTO user (id, username, email, image_url, password, created_at, updated_at)
VALUES (18, 'user18', 'user18@example.com', 'https://example.com/user18.png', 'pass18',
        '2025-06-09 07:50:56', '2025-06-09 07:50:56');
INSERT INTO user (id, username, email, image_url, password, created_at, updated_at)
VALUES (19, 'user19', 'user19@example.com', 'https://example.com/user19.png', 'pass19',
        '2025-06-10 07:50:56', '2025-06-10 07:50:56');
INSERT INTO user (id, username, email, image_url, password, created_at, updated_at)
VALUES (20, 'user20', 'user20@example.com', 'https://example.com/user20.png', 'pass20',
        '2025-06-11 07:50:56', '2025-06-11 07:50:56');
INSERT INTO label (id, name, description, text_color, background_color, created_at, updated_at)
VALUES (1, 'Label1', 'Description for label 1', '#000000', '#CCCCCC', '2025-05-23 07:50:56',
        '2025-05-23 07:50:56');
INSERT INTO label (id, name, description, text_color, background_color, created_at, updated_at)
VALUES (2, 'Label2', 'Description for label 2', '#000000', '#CCCCCC', '2025-05-24 07:50:56',
        '2025-05-24 07:50:56');
INSERT INTO label (id, name, description, text_color, background_color, created_at, updated_at)
VALUES (3, 'Label3', 'Description for label 3', '#000000', '#CCCCCC', '2025-05-25 07:50:56',
        '2025-05-25 07:50:56');
INSERT INTO label (id, name, description, text_color, background_color, created_at, updated_at)
VALUES (4, 'Label4', 'Description for label 4', '#000000', '#CCCCCC', '2025-05-26 07:50:56',
        '2025-05-26 07:50:56');
INSERT INTO label (id, name, description, text_color, background_color, created_at, updated_at)
VALUES (5, 'Label5', 'Description for label 5', '#000000', '#CCCCCC', '2025-05-27 07:50:56',
        '2025-05-27 07:50:56');
INSERT INTO issue (id, title, body, user_id, milestone_id, is_open, created_at, updated_at)
VALUES (1, 'Issue Title 1', 'Body of issue 1', 14, 3, True, '2025-05-23 07:50:56',
        '2025-05-23 07:50:56');
INSERT INTO issue (id, title, body, user_id, milestone_id, is_open, created_at, updated_at)
VALUES (2, 'Issue Title 2', 'Body of issue 2', 17, 4, False, '2025-05-24 07:50:56',
        '2025-05-24 07:50:56');
INSERT INTO issue (id, title, body, user_id, milestone_id, is_open, created_at, updated_at)
VALUES (3, 'Issue Title 3', 'Body of issue 3', 7, 5, True, '2025-05-25 07:50:56',
        '2025-05-25 07:50:56');
INSERT INTO issue (id, title, body, user_id, milestone_id, is_open, created_at, updated_at)
VALUES (4, 'Issue Title 4', 'Body of issue 4', 13, 5, False, '2025-05-26 07:50:56',
        '2025-05-26 07:50:56');
INSERT INTO issue (id, title, body, user_id, milestone_id, is_open, created_at, updated_at)
VALUES (5, 'Issue Title 5', 'Body of issue 5', 11, 4, True, '2025-05-27 07:50:56',
        '2025-05-27 07:50:56');
INSERT INTO issue (id, title, body, user_id, milestone_id, is_open, created_at, updated_at)
VALUES (6, 'Issue Title 6', 'Body of issue 6', 6, 1, False, '2025-05-28 07:50:56',
        '2025-05-28 07:50:56');
INSERT INTO issue (id, title, body, user_id, milestone_id, is_open, created_at, updated_at)
VALUES (7, 'Issue Title 7', 'Body of issue 7', 5, 2, True, '2025-05-29 07:50:56',
        '2025-05-29 07:50:56');
INSERT INTO issue (id, title, body, user_id, milestone_id, is_open, created_at, updated_at)
VALUES (8, 'Issue Title 8', 'Body of issue 8', 19, 2, False, '2025-05-30 07:50:56',
        '2025-05-30 07:50:56');
INSERT INTO issue (id, title, body, user_id, milestone_id, is_open, created_at, updated_at)
VALUES (9, 'Issue Title 9', 'Body of issue 9', 2, 2, True, '2025-05-31 07:50:56',
        '2025-05-31 07:50:56');
INSERT INTO issue (id, title, body, user_id, milestone_id, is_open, created_at, updated_at)
VALUES (10, 'Issue Title 10', 'Body of issue 10', 17, 5, False, '2025-06-01 07:50:56',
        '2025-06-01 07:50:56');
INSERT INTO issue (id, title, body, user_id, milestone_id, is_open, created_at, updated_at)
VALUES (11, 'Issue Title 11', 'Body of issue 11', 14, 2, True, '2025-06-02 07:50:56',
        '2025-06-02 07:50:56');
INSERT INTO issue (id, title, body, user_id, milestone_id, is_open, created_at, updated_at)
VALUES (12, 'Issue Title 12', 'Body of issue 12', 8, 3, False, '2025-06-03 07:50:56',
        '2025-06-03 07:50:56');
INSERT INTO issue (id, title, body, user_id, milestone_id, is_open, created_at, updated_at)
VALUES (13, 'Issue Title 13', 'Body of issue 13', 13, 4, True, '2025-06-04 07:50:56',
        '2025-06-04 07:50:56');
INSERT INTO issue (id, title, body, user_id, milestone_id, is_open, created_at, updated_at)
VALUES (14, 'Issue Title 14', 'Body of issue 14', 10, 5, False, '2025-06-05 07:50:56',
        '2025-06-05 07:50:56');
INSERT INTO issue (id, title, body, user_id, milestone_id, is_open, created_at, updated_at)
VALUES (15, 'Issue Title 15', 'Body of issue 15', 16, 3, True, '2025-06-06 07:50:56',
        '2025-06-06 07:50:56');
INSERT INTO issue (id, title, body, user_id, milestone_id, is_open, created_at, updated_at)
VALUES (16, 'Issue Title 16', 'Body of issue 16', 15, 3, False, '2025-06-07 07:50:56',
        '2025-06-07 07:50:56');
INSERT INTO issue (id, title, body, user_id, milestone_id, is_open, created_at, updated_at)
VALUES (17, 'Issue Title 17', 'Body of issue 17', 16, 1, True, '2025-06-08 07:50:56',
        '2025-06-08 07:50:56');
INSERT INTO issue (id, title, body, user_id, milestone_id, is_open, created_at, updated_at)
VALUES (18, 'Issue Title 18', 'Body of issue 18', 1, 2, False, '2025-06-09 07:50:56',
        '2025-06-09 07:50:56');
INSERT INTO issue (id, title, body, user_id, milestone_id, is_open, created_at, updated_at)
VALUES (19, 'Issue Title 19', 'Body of issue 19', 6, 1, True, '2025-06-10 07:50:56',
        '2025-06-10 07:50:56');
INSERT INTO issue (id, title, body, user_id, milestone_id, is_open, created_at, updated_at)
VALUES (20, 'Issue Title 20', 'Body of issue 20', 9, 3, False, '2025-06-11 07:50:56',
        '2025-06-11 07:50:56');
INSERT INTO comment (id, user_id, issue_id, content, created_at, updated_at)
VALUES (1, 14, 10, 'Comment 1 content', '2025-05-23 07:50:56', '2025-05-23 07:50:56');
INSERT INTO comment (id, user_id, issue_id, content, created_at, updated_at)
VALUES (2, NULL, 7, 'Comment 2 content', '2025-05-24 07:50:56', '2025-05-24 07:50:56');
INSERT INTO comment (id, user_id, issue_id, content, created_at, updated_at)
VALUES (3, 18, 12, 'Comment 3 content', '2025-05-25 07:50:56', '2025-05-25 07:50:56');
INSERT INTO comment (id, user_id, issue_id, content, created_at, updated_at)
VALUES (4, NULL, 17, 'Comment 4 content', '2025-05-26 07:50:56', '2025-05-26 07:50:56');
INSERT INTO comment (id, user_id, issue_id, content, created_at, updated_at)
VALUES (5, 14, 4, 'Comment 5 content', '2025-05-27 07:50:56', '2025-05-27 07:50:56');
INSERT INTO comment (id, user_id, issue_id, content, created_at, updated_at)
VALUES (6, NULL, 17, 'Comment 6 content', '2025-05-28 07:50:56', '2025-05-28 07:50:56');
INSERT INTO comment (id, user_id, issue_id, content, created_at, updated_at)
VALUES (7, 5, 15, 'Comment 7 content', '2025-05-29 07:50:56', '2025-05-29 07:50:56');
INSERT INTO comment (id, user_id, issue_id, content, created_at, updated_at)
VALUES (8, NULL, 20, 'Comment 8 content', '2025-05-30 07:50:56', '2025-05-30 07:50:56');
INSERT INTO comment (id, user_id, issue_id, content, created_at, updated_at)
VALUES (9, NULL, 3, 'Comment 9 content', '2025-05-31 07:50:56', '2025-05-31 07:50:56');
INSERT INTO comment (id, user_id, issue_id, content, created_at, updated_at)
VALUES (10, 13, 10, 'Comment 10 content', '2025-06-01 07:50:56', '2025-06-01 07:50:56');
INSERT INTO comment (id, user_id, issue_id, content, created_at, updated_at)
VALUES (11, NULL, 11, 'Comment 11 content', '2025-06-02 07:50:56', '2025-06-02 07:50:56');
INSERT INTO comment (id, user_id, issue_id, content, created_at, updated_at)
VALUES (12, NULL, 9, 'Comment 12 content', '2025-06-03 07:50:56', '2025-06-03 07:50:56');
INSERT INTO comment (id, user_id, issue_id, content, created_at, updated_at)
VALUES (13, NULL, 9, 'Comment 13 content', '2025-06-04 07:50:56', '2025-06-04 07:50:56');
INSERT INTO comment (id, user_id, issue_id, content, created_at, updated_at)
VALUES (14, NULL, 13, 'Comment 14 content', '2025-06-05 07:50:56', '2025-06-05 07:50:56');
INSERT INTO comment (id, user_id, issue_id, content, created_at, updated_at)
VALUES (15, 3, 20, 'Comment 15 content', '2025-06-06 07:50:56', '2025-06-06 07:50:56');
INSERT INTO comment (id, user_id, issue_id, content, created_at, updated_at)
VALUES (16, NULL, 10, 'Comment 16 content', '2025-06-07 07:50:56', '2025-06-07 07:50:56');
INSERT INTO comment (id, user_id, issue_id, content, created_at, updated_at)
VALUES (17, 12, 5, 'Comment 17 content', '2025-06-08 07:50:56', '2025-06-08 07:50:56');
INSERT INTO comment (id, user_id, issue_id, content, created_at, updated_at)
VALUES (18, NULL, 18, 'Comment 18 content', '2025-06-09 07:50:56', '2025-06-09 07:50:56');
INSERT INTO comment (id, user_id, issue_id, content, created_at, updated_at)
VALUES (19, NULL, 11, 'Comment 19 content', '2025-06-10 07:50:56', '2025-06-10 07:50:56');
INSERT INTO comment (id, user_id, issue_id, content, created_at, updated_at)
VALUES (20, 15, 4, 'Comment 20 content', '2025-06-11 07:50:56', '2025-06-11 07:50:56');
INSERT INTO comment (id, user_id, issue_id, content, created_at, updated_at)
VALUES (21, NULL, 15, 'Comment 21 content', '2025-06-12 07:50:56', '2025-06-12 07:50:56');
INSERT INTO comment (id, user_id, issue_id, content, created_at, updated_at)
VALUES (22, NULL, 19, 'Comment 22 content', '2025-06-13 07:50:56', '2025-06-13 07:50:56');
INSERT INTO comment (id, user_id, issue_id, content, created_at, updated_at)
VALUES (23, 5, 11, 'Comment 23 content', '2025-06-14 07:50:56', '2025-06-14 07:50:56');
INSERT INTO comment (id, user_id, issue_id, content, created_at, updated_at)
VALUES (24, NULL, 11, 'Comment 24 content', '2025-06-15 07:50:56', '2025-06-15 07:50:56');
INSERT INTO comment (id, user_id, issue_id, content, created_at, updated_at)
VALUES (25, NULL, 8, 'Comment 25 content', '2025-06-16 07:50:56', '2025-06-16 07:50:56');
INSERT INTO comment (id, user_id, issue_id, content, created_at, updated_at)
VALUES (26, 7, 1, 'Comment 26 content', '2025-06-17 07:50:56', '2025-06-17 07:50:56');
INSERT INTO comment (id, user_id, issue_id, content, created_at, updated_at)
VALUES (27, 15, 5, 'Comment 27 content', '2025-06-18 07:50:56', '2025-06-18 07:50:56');
INSERT INTO comment (id, user_id, issue_id, content, created_at, updated_at)
VALUES (28, NULL, 15, 'Comment 28 content', '2025-06-19 07:50:56', '2025-06-19 07:50:56');
INSERT INTO comment (id, user_id, issue_id, content, created_at, updated_at)
VALUES (29, NULL, 13, 'Comment 29 content', '2025-06-20 07:50:56', '2025-06-20 07:50:56');
INSERT INTO comment (id, user_id, issue_id, content, created_at, updated_at)
VALUES (30, NULL, 8, 'Comment 30 content', '2025-06-21 07:50:56', '2025-06-21 07:50:56');
INSERT INTO comment (id, user_id, issue_id, content, created_at, updated_at)
VALUES (31, 16, 8, 'Comment 31 content', '2025-06-22 07:50:56', '2025-06-22 07:50:56');
INSERT INTO comment (id, user_id, issue_id, content, created_at, updated_at)
VALUES (32, NULL, 3, 'Comment 32 content', '2025-06-23 07:50:56', '2025-06-23 07:50:56');
INSERT INTO comment (id, user_id, issue_id, content, created_at, updated_at)
VALUES (33, NULL, 20, 'Comment 33 content', '2025-06-24 07:50:56', '2025-06-24 07:50:56');
INSERT INTO comment (id, user_id, issue_id, content, created_at, updated_at)
VALUES (34, 9, 13, 'Comment 34 content', '2025-06-25 07:50:56', '2025-06-25 07:50:56');
INSERT INTO comment (id, user_id, issue_id, content, created_at, updated_at)
VALUES (35, 17, 18, 'Comment 35 content', '2025-06-26 07:50:56', '2025-06-26 07:50:56');
INSERT INTO comment (id, user_id, issue_id, content, created_at, updated_at)
VALUES (36, 20, 14, 'Comment 36 content', '2025-06-27 07:50:56', '2025-06-27 07:50:56');
INSERT INTO comment (id, user_id, issue_id, content, created_at, updated_at)
VALUES (37, NULL, 19, 'Comment 37 content', '2025-06-28 07:50:56', '2025-06-28 07:50:56');
INSERT INTO comment (id, user_id, issue_id, content, created_at, updated_at)
VALUES (38, 1, 16, 'Comment 38 content', '2025-06-29 07:50:56', '2025-06-29 07:50:56');
INSERT INTO comment (id, user_id, issue_id, content, created_at, updated_at)
VALUES (39, 8, 14, 'Comment 39 content', '2025-06-30 07:50:56', '2025-06-30 07:50:56');
INSERT INTO comment (id, user_id, issue_id, content, created_at, updated_at)
VALUES (40, NULL, 9, 'Comment 40 content', '2025-07-01 07:50:56', '2025-07-01 07:50:56');
INSERT INTO issue_label (id, issue_id, label_id)
VALUES (1, 12, 4);
INSERT INTO issue_label (id, issue_id, label_id)
VALUES (2, 20, 5);
INSERT INTO issue_label (id, issue_id, label_id)
VALUES (3, 12, 1);
INSERT INTO issue_label (id, issue_id, label_id)
VALUES (4, 3, 4);
INSERT INTO issue_label (id, issue_id, label_id)
VALUES (5, 14, 4);
INSERT INTO issue_label (id, issue_id, label_id)
VALUES (6, 4, 3);
INSERT INTO issue_label (id, issue_id, label_id)
VALUES (7, 17, 3);
INSERT INTO issue_label (id, issue_id, label_id)
VALUES (8, 5, 1);
INSERT INTO issue_label (id, issue_id, label_id)
VALUES (9, 9, 5);
INSERT INTO issue_label (id, issue_id, label_id)
VALUES (10, 8, 3);
INSERT INTO issue_label (id, issue_id, label_id)
VALUES (11, 19, 3);
INSERT INTO issue_label (id, issue_id, label_id)
VALUES (12, 11, 5);
INSERT INTO issue_label (id, issue_id, label_id)
VALUES (13, 2, 5);
INSERT INTO issue_label (id, issue_id, label_id)
VALUES (14, 13, 5);
INSERT INTO issue_label (id, issue_id, label_id)
VALUES (15, 15, 2);
INSERT INTO issue_label (id, issue_id, label_id)
VALUES (16, 16, 1);
INSERT INTO issue_label (id, issue_id, label_id)
VALUES (17, 15, 5);
INSERT INTO issue_label (id, issue_id, label_id)
VALUES (18, 6, 2);
INSERT INTO issue_label (id, issue_id, label_id)
VALUES (19, 18, 4);
INSERT INTO issue_label (id, issue_id, label_id)
VALUES (20, 7, 4);
INSERT INTO issue_label (id, issue_id, label_id)
VALUES (21, 7, 1);
INSERT INTO issue_label (id, issue_id, label_id)
VALUES (22, 6, 5);
INSERT INTO issue_label (id, issue_id, label_id)
VALUES (23, 12, 3);
INSERT INTO issue_label (id, issue_id, label_id)
VALUES (24, 4, 2);
INSERT INTO issue_label (id, issue_id, label_id)
VALUES (25, 4, 5);
INSERT INTO issue_label (id, issue_id, label_id)
VALUES (26, 19, 2);
INSERT INTO issue_label (id, issue_id, label_id)
VALUES (27, 9, 1);
INSERT INTO issue_label (id, issue_id, label_id)
VALUES (28, 19, 5);
INSERT INTO issue_label (id, issue_id, label_id)
VALUES (29, 10, 2);
INSERT INTO issue_label (id, issue_id, label_id)
VALUES (30, 9, 4);
INSERT INTO issue_label (id, issue_id, label_id)
VALUES (31, 11, 1);
INSERT INTO issue_label (id, issue_id, label_id)
VALUES (32, 11, 4);
INSERT INTO issue_label (id, issue_id, label_id)
VALUES (33, 10, 5);
INSERT INTO issue_label (id, issue_id, label_id)
VALUES (34, 13, 4);
INSERT INTO issue_label (id, issue_id, label_id)
VALUES (35, 1, 2);
INSERT INTO issue_label (id, issue_id, label_id)
VALUES (36, 2, 1);
INSERT INTO issue_label (id, issue_id, label_id)
VALUES (37, 18, 5);
INSERT INTO issue_label (id, issue_id, label_id)
VALUES (38, 6, 1);
INSERT INTO issue_label (id, issue_id, label_id)
VALUES (39, 15, 1);
INSERT INTO issue_label (id, issue_id, label_id)
VALUES (40, 7, 3);
INSERT INTO issue_label (id, issue_id, label_id)
VALUES (41, 18, 3);
INSERT INTO issue_label (id, issue_id, label_id)
VALUES (42, 20, 3);
INSERT INTO issue_label (id, issue_id, label_id)
VALUES (43, 12, 2);
INSERT INTO issue_label (id, issue_id, label_id)
VALUES (44, 14, 2);
INSERT INTO issue_label (id, issue_id, label_id)
VALUES (45, 3, 2);
INSERT INTO issue_label (id, issue_id, label_id)
VALUES (46, 4, 1);
INSERT INTO issue_label (id, issue_id, label_id)
VALUES (47, 5, 2);
INSERT INTO issue_label (id, issue_id, label_id)
VALUES (48, 4, 4);
INSERT INTO issue_label (id, issue_id, label_id)
VALUES (49, 17, 4);
INSERT INTO issue_label (id, issue_id, label_id)
VALUES (50, 17, 1);
INSERT INTO issue_label (id, issue_id, label_id)
VALUES (51, 19, 4);
INSERT INTO issue_label (id, issue_id, label_id)
VALUES (52, 9, 3);
INSERT INTO issue_label (id, issue_id, label_id)
VALUES (53, 8, 1);
INSERT INTO issue_label (id, issue_id, label_id)
VALUES (54, 19, 1);
INSERT INTO issue_label (id, issue_id, label_id)
VALUES (55, 10, 1);
INSERT INTO issue_label (id, issue_id, label_id)
VALUES (56, 16, 5);
INSERT INTO issue_label (id, issue_id, label_id)
VALUES (57, 15, 3);
INSERT INTO issue_label (id, issue_id, label_id)
VALUES (58, 7, 5);
INSERT INTO issue_label (id, issue_id, label_id)
VALUES (59, 6, 3);
INSERT INTO issue_label (id, issue_id, label_id)
VALUES (60, 20, 2);
INSERT INTO issue_assignee (id, issue_id, assignee_id)
VALUES (1, 18, 17);
INSERT INTO issue_assignee (id, issue_id, assignee_id)
VALUES (2, 6, 15);
INSERT INTO issue_assignee (id, issue_id, assignee_id)
VALUES (3, 7, 20);
INSERT INTO issue_assignee (id, issue_id, assignee_id)
VALUES (4, 10, 7);
INSERT INTO issue_assignee (id, issue_id, assignee_id)
VALUES (5, 12, 16);
INSERT INTO issue_assignee (id, issue_id, assignee_id)
VALUES (6, 1, 16);
INSERT INTO issue_assignee (id, issue_id, assignee_id)
VALUES (7, 3, 10);
INSERT INTO issue_assignee (id, issue_id, assignee_id)
VALUES (8, 9, 2);
INSERT INTO issue_assignee (id, issue_id, assignee_id)
VALUES (9, 5, 13);
INSERT INTO issue_assignee (id, issue_id, assignee_id)
VALUES (10, 8, 6);
INSERT INTO issue_assignee (id, issue_id, assignee_id)
VALUES (11, 10, 3);
INSERT INTO issue_assignee (id, issue_id, assignee_id)
VALUES (12, 13, 2);
INSERT INTO issue_assignee (id, issue_id, assignee_id)
VALUES (13, 19, 10);
INSERT INTO issue_assignee (id, issue_id, assignee_id)
VALUES (14, 9, 14);
INSERT INTO issue_assignee (id, issue_id, assignee_id)
VALUES (15, 16, 7);
INSERT INTO issue_assignee (id, issue_id, assignee_id)
VALUES (16, 1, 18);
INSERT INTO issue_assignee (id, issue_id, assignee_id)
VALUES (17, 11, 20);
INSERT INTO issue_assignee (id, issue_id, assignee_id)
VALUES (18, 18, 1);
INSERT INTO issue_assignee (id, issue_id, assignee_id)
VALUES (19, 7, 7);
INSERT INTO issue_assignee (id, issue_id, assignee_id)
VALUES (20, 7, 10);
INSERT INTO issue_assignee (id, issue_id, assignee_id)
VALUES (21, 20, 1);
INSERT INTO issue_assignee (id, issue_id, assignee_id)
VALUES (22, 18, 16);
INSERT INTO issue_assignee (id, issue_id, assignee_id)
VALUES (23, 12, 3);
INSERT INTO issue_assignee (id, issue_id, assignee_id)
VALUES (24, 12, 9);
INSERT INTO issue_assignee (id, issue_id, assignee_id)
VALUES (25, 4, 5);
INSERT INTO issue_assignee (id, issue_id, assignee_id)
VALUES (26, 4, 11);
INSERT INTO issue_assignee (id, issue_id, assignee_id)
VALUES (27, 9, 7);
INSERT INTO issue_assignee (id, issue_id, assignee_id)
VALUES (28, 5, 12);
INSERT INTO issue_assignee (id, issue_id, assignee_id)
VALUES (29, 11, 4);
INSERT INTO issue_assignee (id, issue_id, assignee_id)
VALUES (30, 5, 18);
INSERT INTO issue_assignee (id, issue_id, assignee_id)
VALUES (31, 9, 10);
INSERT INTO issue_assignee (id, issue_id, assignee_id)
VALUES (32, 19, 8);
INSERT INTO issue_assignee (id, issue_id, assignee_id)
VALUES (33, 11, 10);
INSERT INTO issue_assignee (id, issue_id, assignee_id)
VALUES (34, 1, 5);
INSERT INTO issue_assignee (id, issue_id, assignee_id)
VALUES (35, 10, 14);
INSERT INTO issue_assignee (id, issue_id, assignee_id)
VALUES (36, 7, 6);
INSERT INTO issue_assignee (id, issue_id, assignee_id)
VALUES (37, 12, 2);
INSERT INTO issue_assignee (id, issue_id, assignee_id)
VALUES (38, 12, 8);
INSERT INTO issue_assignee (id, issue_id, assignee_id)
VALUES (39, 3, 5);
INSERT INTO issue_assignee (id, issue_id, assignee_id)
VALUES (40, 5, 2);
INSERT INTO issue_assignee (id, issue_id, assignee_id)
VALUES (41, 3, 14);
INSERT INTO issue_assignee (id, issue_id, assignee_id)
VALUES (42, 17, 7);
INSERT INTO issue_assignee (id, issue_id, assignee_id)
VALUES (43, 4, 19);
INSERT INTO issue_assignee (id, issue_id, assignee_id)
VALUES (44, 9, 9);
INSERT INTO issue_assignee (id, issue_id, assignee_id)
VALUES (45, 3, 17);
INSERT INTO issue_assignee (id, issue_id, assignee_id)
VALUES (46, 5, 8);
INSERT INTO issue_assignee (id, issue_id, assignee_id)
VALUES (47, 11, 9);
INSERT INTO issue_assignee (id, issue_id, assignee_id)
VALUES (48, 19, 16);
INSERT INTO issue_assignee (id, issue_id, assignee_id)
VALUES (49, 10, 13);
INSERT INTO issue_assignee (id, issue_id, assignee_id)
VALUES (50, 9, 15);
INSERT INTO issue_assignee (id, issue_id, assignee_id)
VALUES (51, 11, 12);
INSERT INTO issue_assignee (id, issue_id, assignee_id)
VALUES (52, 5, 17);
INSERT INTO issue_assignee (id, issue_id, assignee_id)
VALUES (53, 2, 9);
INSERT INTO issue_assignee (id, issue_id, assignee_id)
VALUES (54, 9, 18);
INSERT INTO issue_assignee (id, issue_id, assignee_id)
VALUES (55, 1, 13);
INSERT INTO issue_assignee (id, issue_id, assignee_id)
VALUES (56, 19, 19);
INSERT INTO issue_assignee (id, issue_id, assignee_id)
VALUES (57, 10, 19);
INSERT INTO issue_assignee (id, issue_id, assignee_id)
VALUES (58, 2, 6);
INSERT INTO issue_assignee (id, issue_id, assignee_id)
VALUES (59, 11, 15);
INSERT INTO issue_assignee (id, issue_id, assignee_id)
VALUES (60, 15, 15);
