-- 샘플 데이터 삽입
INSERT INTO `Users` (`id`, `username`, `profile_image_url`) VALUES
                                                               (1, 'a', 'https://example.com/profile/a.jpg'),
                                                               (2, 'b', 'https://example.com/profile/b.jpg'),
                                                               (3, 'c', 'https://example.com/profile/c.jpg'),
                                                               (4, 'd', 'https://example.com/profile/d.jpg'),
                                                               (5, 'e', 'https://example.com/profile/e.jpg'),
                                                               (6, 'f', 'https://example.com/profile/f.jpg'),
                                                               (7, 'g', 'https://example.com/profile/g.jpg'),
                                                               (8, 'h', 'https://example.com/profile/h.jpg'),
                                                               (9, 'i', 'https://example.com/profile/i.jpg'),
                                                               (10, 'j', 'https://example.com/profile/j.jpg'),
                                                               (11, 'k', 'https://example.com/profile/k.jpg');

INSERT INTO `Milestone` (`id`, `title`) VALUES
                                            (1, '그룹 프로젝트 - a project'),
                                            (2, '그룹 프로젝트 - b project'),
                                            (3, '그룹 프로젝트 - c project'),
                                            (4, '그룹 프로젝트 - d project'),
                                            (5, '그룹 프로젝트 - e project'),
                                            (6, '그룹 프로젝트 - f project'),
                                            (7, '그룹 프로젝트 - g project'),
                                            (8, '그룹 프로젝트 - h project'),
                                            (9, '그룹 프로젝트 - i project'),
                                            (10, '그룹 프로젝트 - j project'),
                                            (11, '그룹 프로젝트 - k project');

INSERT INTO `Label` (`id`, `name`, `color`, `text_color`) VALUES
                                                              (1, 'a label', '#0075ca', 'white'),
                                                              (2, 'b label', '#3f51b5', 'white'),
                                                              (3, 'c label', '#ff9800', 'black'),
                                                              (4, 'd label', '#4caf50', 'white'),
                                                              (5, 'e label', '#f44336', 'white'),
                                                              (6, 'f label', '#2196f3', 'white'),
                                                              (7, 'g label', '#ffeb3b', 'black'),
                                                              (8, 'h label', '#9c27b0', 'white'),
                                                              (9, 'i label', '#00bcd4', 'black'),
                                                              (10, 'j label', '#8bc34a', 'white'),
                                                              (11, 'k label', '#ff5722', 'white'),
                                                              (12, 'l label', '#795548', 'white');

INSERT INTO `Issue` (`id`, `title`, `is_open`, `writer_id`, `milestone_id`) VALUES
                                                                                (1, '1 issue', true, 1, 1),
                                                                                (2, '2 issue', false, 5, 9),
                                                                                (3, '3 issue', true, 8, 2),
                                                                                (4, '4 issue', false, 3, 6),
                                                                                (5, '5 issue', true, 10, 4),
                                                                                (6, '6 issue', false, 1, 11),
                                                                                (7, '7 issue', true, 7, 3),
                                                                                (8, '8 issue', false, 4, 8),
                                                                                (9, '9 issue', true, 9, 1),
                                                                                (10, '10 issue', false, 2, 5),
                                                                                (11, '11 issue', true, 6, 10),
                                                                                (12, '12 issue', false, 11, 7),
                                                                                (13, '13 issue', true, 5, 2),
                                                                                (14, '14 issue', false, 8, 9),
                                                                                (15, '15 issue', true, 3, 4),
                                                                                (16, '16 issue', false, 10, 11),
                                                                                (17, '17 issue', true, 1, 6),
                                                                                (18, '18 issue', false, 7, 1),
                                                                                (19, '19 issue', true, 4, 8),
                                                                                (20, '20 issue', false, 9, 3),
                                                                                (21, '21 issue', true, 2, 10),
                                                                                (22, '22 issue', false, 6, 5),
                                                                                (23, '23 issue', true, 11, 7),
                                                                                (24, '24 issue', false, 5, 1),
                                                                                (25, '25 issue', true, 8, 6),
                                                                                (26, '26 issue', false, 3, 11),
                                                                                (27, '27 issue', true, 10, 2),
                                                                                (28, '28 issue', false, 1, 9),
                                                                                (29, '29 issue', true, 7, 4),
                                                                                (30, '30 issue', false, 4, 7),
                                                                                (31, '31 issue', true, 9, 10),
                                                                                (32, '32 issue', false, 2, 8),
                                                                                (33, '33 issue', true, 6, 3),
                                                                                (34, '34 issue', true, 1, NULL);

INSERT INTO `IssueAssignee` (`issue_id`, `user_id`) VALUES
                                                        (1, 5),
                                                        (1, 9),
                                                        (2, 3),
                                                        (2, 4),
                                                        (3, 1),
                                                        (3, 7),
                                                        (4, 2),
                                                        (5, 3),
                                                        (6, 3),
                                                        (7, 6),
                                                        (7, 10),
                                                        (8, 8),
                                                        (9, 7),
                                                        (10, 7),
                                                        (11, 8),
                                                        (12, 8),
                                                        (13, 4),
                                                        (14, 4),
                                                        (15, 7),
                                                        (16, 5),
                                                        (17, 5),
                                                        (18, 8),
                                                        (18, 11),
                                                        (19, 3),
                                                        (20, 1),
                                                        (21, 1),
                                                        (22, 1),
                                                        (22, 9),
                                                        (23, 9),
                                                        (24, 6),
                                                        (25, 4),
                                                        (26, 9),
                                                        (27, 10),
                                                        (28, 10),
                                                        (29, 11),
                                                        (30, 6),
                                                        (31, 2),
                                                        (31, 5),
                                                        (32, 11),
                                                        (33, 10);

INSERT INTO `IssueLabel` (`issue_id`, `label_id`) VALUES
                                                      (1, 5),
                                                      (1, 9),
                                                      (2, 1),
                                                      (2, 3),
                                                      (3, 2),
                                                      (3, 7),
                                                      (4, 4),
                                                      (5, 3),
                                                      (6, 3),
                                                      (7, 6),
                                                      (7, 10),
                                                      (8, 8),
                                                      (9, 7),
                                                      (10, 7),
                                                      (11, 8),
                                                      (12, 8),
                                                      (13, 4),
                                                      (14, 12),
                                                      (15, 7),
                                                      (16, 5),
                                                      (17, 5),
                                                      (18, 8),
                                                      (18, 11),
                                                      (19, 3),
                                                      (20, 1),
                                                      (21, 1),
                                                      (22, 1),
                                                      (22, 9),
                                                      (23, 9),
                                                      (24, 6),
                                                      (25, 4),
                                                      (26, 9),
                                                      (27, 10),
                                                      (28, 10),
                                                      (29, 11),
                                                      (30, 6),
                                                      (31, 5),
                                                      (31, 12),
                                                      (32, 11),
                                                      (33, 10);